observation_index,frame_id,source_time,car_id,normalized_text,ocr_confidence,F_accept,A_accept,G_accept
0,1,0.03918495297805643,3,,0.7000263333320618,False,False,False
1,2,0.07836990595611286,3,,0.8253167867660522,False,False,False
2,3,0.11755485893416928,3,IBE-567,0.9348399043083191,True,True,True
3,4,0.15673981191222572,3,AUBE-567,0.9723860025405884,True,True,True
4,5,0.19592476489028213,3,AUBE-567,0.9884746074676514,True,True,True
5,6,0.23510971786833856,3,AUBE-567,0.9907060265541077,True,True,True
6,7,0.274294670846395,3,AUBE-567,0.9220932722091675,True,True,True
7,8,0.31347962382445144,3,AUBE-567,0.9905823469161987,True,True,True
8,9,0.35266457680250785,3,AUBE-567,0.9199793338775635,True,True,True
9,10,0.39184952978056425,3,AUBE-567,0.9957441091537476,True,True,True
10,11,0.43103448275862066,3,AUBE-567,0.9341211318969727,True,True,True
11,12,0.4702194357366771,3,AUBE-567,0.993820309638977,True,True,True
12,111,4.349529780564263,1,RCS-889,0.8741801977157593,True,True,True
13,112,4.38871473354232,1,PCS-889,0.8962644338607788,True,True,True
14,113,4.427899686520377,1,PCS-889,0.8705693483352661,True,True,True
15,114,4.467084639498433,1,PCS-889,0.8759986162185669,True,True,True
16,115,4.506269592476489,1,PCS-889,0.9274052381515503,True,True,True
17,116,4.545454545454546,1,PCS-889,0.9880744218826294,True,True,True
18,117,4.584639498432602,1,,0.8532173037528992,False,False,False
19,120,4.702194357366771,15,PCS-889,0.9836946725845337,True,True,True
20,121,4.741379310344827,15,PCS-889,0.9825043678283691,True,True,True
21,167,6.543887147335423,20,,0.48903903365135193,False,False,False
22,168,6.58307210031348,20,,0.4273533523082733,False,False,False
23,169,6.622257053291536,20,,0.7779528498649597,False,False,False
24,170,6.661442006269592,20,,0.9652382731437683,False,False,False
25,170,6.661442006269592,20,,0.5400349497795105,False,False,False
26,171,6.700626959247649,20,,0.991581916809082,False,False,False
27,172,6.739811912225705,18,,0.9099614024162292,False,False,False
28,173,6.778996865203761,18,NHP-726,0.8968433141708374,True,True,True
29,174,6.818181818181818,18,,0.6645762324333191,False,False,False
30,176,6.896551724137931,23,,0.8483001589775085,False,False,False
31,312,12.225705329153605,21,,0.860470712184906,False,False,False
32,313,12.264890282131661,21,,0.9538336992263794,False,False,False
33,314,12.304075235109718,21,,0.9453729391098022,False,False,False
34,315,12.343260188087774,21,,0.9482986330986023,False,False,False
35,316,12.382445141065832,21,,0.9494770169258118,False,False,False
36,317,12.421630094043888,21,,0.892451286315918,False,False,False
37,318,12.460815047021944,21,AKT-740,0.8018274903297424,True,True,True
38,319,12.5,21,,0.872551679611206,False,False,False
39,320,12.539184952978056,21,,0.8995454907417297,False,False,False
40,321,12.578369905956112,21,,0.747768223285675,False,False,False
41,322,12.617554858934168,21,,0.6485234498977661,False,False,False
42,323,12.656739811912226,21,AAT-740,0.680580198764801,True,False,True
43,324,12.695924764890282,21,,0.7716242074966431,False,False,False
44,328,12.852664576802507,21,AAKI-740,0.8854302167892456,True,True,True
45,329,12.891849529780565,21,AAKT-740,0.9233211278915405,True,True,True
46,330,12.931034482758621,21,AAKT-740,0.876259446144104,True,True,True
47,331,12.970219435736677,21,AAKT-740,0.9061468839645386,True,True,True
48,332,13.009404388714733,21,AAK-740,0.9902129173278809,True,True,True
49,333,13.04858934169279,21,AAK-740,0.9446122050285339,True,True,True
50,334,13.087774294670846,21,AAKT-740,0.9532047510147095,True,True,True
51,335,13.126959247648903,21,AAK-740,0.9825276136398315,True,True,True
52,336,13.16614420062696,21,AAKT-740,0.9453492760658264,True,True,True
53,337,13.205329153605016,21,AAKT-740,0.9465416073799133,True,True,True
54,338,13.244514106583072,21,AAKT-740,0.9700267314910889,True,True,True
55,339,13.283699059561128,21,,0.8961596488952637,False,False,False
56,340,13.322884012539184,21,AAKT-740,0.8841143250465393,True,True,True
57,341,13.362068965517242,21,AAKT-740,0.9112309217453003,True,True,True
58,343,13.440438871473354,21,AAKT-740,0.9852507710456848,True,True,True
59,344,13.47962382445141,21,AAKT-740,0.9372016787528992,True,True,True
60,345,13.518808777429467,21,AAKT-740,0.9615505933761597,True,True,True
61,346,13.557993730407523,21,AAKT-740,0.8853812217712402,True,True,True
62,347,13.59717868338558,21,AAKI-741,0.8453030586242676,True,True,True
63,353,13.83228840125392,50,,0.7789479494094849,False,False,False
64,354,13.871473354231975,50,,0.9654860496520996,False,False,False
65,355,13.910658307210031,50,AAKT-740,0.9101207852363586,True,True,True
66,356,13.949843260188088,50,AAKT-740,0.9581488370895386,True,True,True
67,357,13.989028213166144,50,AAKI-740,0.9632722735404968,True,True,True
68,358,14.0282131661442,50,AAKI-740,0.8908513784408569,True,True,True
69,359,14.067398119122258,50,AAKI-740,0.8989681601524353,True,True,True
70,360,14.106583072100314,50,AAKI-748,0.8220517635345459,True,True,True
71,361,14.14576802507837,50,AAKI-748,0.8651920557022095,True,True,True
72,362,14.184952978056426,50,AAKT-740,0.9289613962173462,True,True,True
73,363,14.224137931034482,50,AAKT-740,0.8960733413696289,True,True,True
74,364,14.263322884012538,50,AAKI-740,0.9245930910110474,True,True,True
75,365,14.302507836990596,50,AAKI-740,0.8755557537078857,True,True,True
76,366,14.341692789968652,50,,0.8086636066436768,False,False,False
77,367,14.380877742946709,50,AXI-774,0.5767510533332825,True,False,True
78,394,15.438871473354231,12,MIEV-508,0.6076387166976929,True,False,False
79,394,15.438871473354231,12,,0.6794850826263428,False,False,False
80,395,15.478056426332289,12,MHEI-508,0.6048576831817627,True,False,False
81,396,15.517241379310345,12,AHI-852,0.5918559432029724,True,False,False
82,398,15.595611285266457,12,AMEY-508,0.7313454151153564,True,False,False
83,399,15.634796238244514,12,,0.6632888317108154,False,False,False
84,400,15.67398119122257,12,,0.6523058414459229,False,False,False
85,401,15.713166144200628,12,AMEI-508,0.662119448184967,True,False,False
86,402,15.752351097178684,12,RIEV-508,0.8156673908233643,True,True,True
87,403,15.79153605015674,12,,0.5838015079498291,False,False,False
88,404,15.830721003134796,12,AAEV-606,0.6863793134689331,True,False,False
89,405,15.869905956112852,12,AEV-502,0.6969054937362671,True,False,False
90,406,15.909090909090908,12,AHEV-508,0.737860918045044,True,False,False
91,407,15.948275862068966,12,IEV-508,0.8711764216423035,True,True,True
92,408,15.987460815047022,12,IEV-508,0.6930080056190491,True,False,False
93,409,16.026645768025077,12,,0.5712430477142334,False,False,False
94,410,16.065830721003135,12,TEI-502,0.7514845728874207,True,False,False
95,411,16.105015673981192,12,TREV-508,0.729133129119873,True,False,False
96,417,16.34012539184953,12,HEI-508,0.8055177330970764,True,True,True
97,418,16.379310344827587,12,HEY-608,0.7158721089363098,True,False,False
98,419,16.41849529780564,12,HEY-608,0.6409141421318054,True,False,False
99,420,16.4576802507837,12,HEY-508,0.8313116431236267,True,True,True
100,421,16.496865203761754,12,MHEI-508,0.7433881759643555,True,False,False
101,422,16.53605015673981,12,AEY-606,0.6001181602478027,True,False,False
102,423,16.57523510971787,12,,0.703661322593689,False,False,False
103,424,16.614420062695924,12,EHEI-608,0.7955094575881958,True,False,False
104,425,16.653605015673982,12,TMEI-962,0.6723149418830872,True,False,False
105,426,16.692789968652036,12,TEI-552,0.7846868634223938,True,False,False
106,436,17.0846394984326,48,,0.624809741973877,False,False,False
107,437,17.12382445141066,48,,0.6742966771125793,False,False,False
108,438,17.163009404388713,48,,0.6612095236778259,False,False,False
109,444,17.398119122257054,48,AIG-881,0.5557437539100647,True,False,False
110,445,17.437304075235108,48,,0.45935699343681335,False,False,False
111,446,17.476489028213166,65,SIH-181,0.5584068298339844,True,False,False
112,447,17.515673981191224,65,,0.6595999002456665,False,False,False
113,448,17.55485893416928,65,,0.6360051035881042,False,False,False
114,450,17.63322884012539,65,,0.7647804021835327,False,False,False
115,451,17.67241379310345,65,,0.5268175601959229,False,False,False
116,452,17.711598746081506,65,,0.6554551720619202,False,False,False
117,453,17.75078369905956,65,,0.5358562469482422,False,False,False
118,454,17.78996865203762,65,,0.528791069984436,False,False,False
119,455,17.829153605015673,65,,0.5388661026954651,False,False,False
120,456,17.86833855799373,65,,0.38374224305152893,False,False,False
121,457,17.907523510971785,65,,0.674067497253418,False,False,False
122,458,17.946708463949843,65,,0.582290768623352,False,False,False
123,459,17.9858934169279,65,ALEH-908,0.4178239703178406,True,False,False
124,460,18.025078369905955,65,,0.5948266983032227,False,False,False
125,461,18.064263322884013,65,,0.5435704588890076,False,False,False
126,462,18.103448275862068,65,,0.7336154580116272,False,False,False
127,463,18.142633228840126,65,LLI-887,0.6051806807518005,True,False,False
128,464,18.181818181818183,65,LFEH-881,0.6100593209266663,True,False,False
129,465,18.221003134796238,65,LVM-181,0.4747057557106018,True,False,False
130,466,18.260188087774296,65,,0.5582278966903687,False,False,False
131,467,18.29937304075235,65,,0.6103144884109497,False,False,False
132,468,18.338557993730408,65,,0.7651247978210449,False,False,False
133,469,18.377742946708462,65,LHM-181,0.6308687329292297,True,False,False
134,470,18.41692789968652,65,,0.6806550621986389,False,False,False
135,471,18.456112852664578,65,,0.6297678351402283,False,False,False
136,472,18.495297805642632,65,LEM-127,0.5943625569343567,True,False,False
137,480,18.808777429467085,64,,0.7117506861686707,False,False,False
138,481,18.84796238244514,64,,0.7739870548248291,False,False,False
139,482,18.887147335423197,64,SOS-197,0.7997050285339355,True,False,False
140,483,18.926332288401255,64,SDS-197,0.943623960018158,True,True,True
141,484,18.96551724137931,64,SDS-197,0.9212485551834106,True,True,True
142,485,19.004702194357368,64,SDS-197,0.9754703640937805,True,True,True
143,486,19.043887147335422,64,SDS-197,0.9709790945053101,True,True,True
144,487,19.08307210031348,64,SDS-197,0.9835564494132996,True,True,True
145,488,19.122257053291538,64,SDS-197,0.9459033012390137,True,True,True
146,489,19.161442006269592,64,SDS-197,0.9872376322746277,True,True,True
147,490,19.20062695924765,64,SDS-197,0.9442435503005981,True,True,True
148,491,19.239811912225704,64,SDS-197,0.9186621904373169,True,True,True
149,492,19.278996865203762,64,SDS-197,0.9064608812332153,True,True,True
150,493,19.318181818181817,64,SDS-197,0.8380881547927856,True,True,True
151,493,19.318181818181817,73,,0.8145712018013,False,False,False
152,494,19.357366771159874,64,SDS-197,0.8923488855361938,True,True,True
153,500,19.592476489028215,77,,0.9153017997741699,False,False,False
154,501,19.63166144200627,77,SDS-197,0.93305903673172,True,True,True
155,502,19.670846394984327,77,SDS-197,0.8953151106834412,True,True,True
156,503,19.71003134796238,77,SDS-197,0.9843774437904358,True,True,True
157,504,19.74921630094044,77,SOS-197,0.9856224060058594,True,True,True
158,505,19.788401253918494,78,SDS-197,0.9262223243713379,True,True,True
159,509,19.94514106583072,78,SDS-197,0.9310318827629089,True,True,True
160,510,19.984326018808776,74,SDS-197,0.8104000687599182,True,True,True
161,510,19.984326018808776,74,,0.5981034636497498,False,False,False
162,511,20.023510971786834,74,,0.5785844922065735,False,False,False
163,512,20.062695924764892,74,AIEY-881,0.9023032188415527,True,True,True
164,513,20.101880877742946,74,AIEY-881,0.9603147506713867,True,True,True
165,514,20.141065830721004,74,AIEY-881,0.8990373611450195,True,True,True
166,515,20.18025078369906,74,AIEY-881,0.9481536746025085,True,True,True
167,516,20.219435736677116,74,AIEY-881,0.9910382032394409,True,True,True
168,517,20.25862068965517,74,AIEY-881,0.9892574548721313,True,True,True
169,518,20.29780564263323,74,,0.7339268326759338,False,False,False
170,521,20.4153605015674,82,AIEY-881,0.9682497978210449,True,True,True
171,522,20.454545454545453,82,AIEY-881,0.8822131156921387,True,True,True
172,522,20.454545454545453,71,,0.6463979482650757,False,False,False
173,523,20.49373040752351,82,AIEY-881,0.9291858673095703,True,True,True
174,524,20.53291536050157,82,AIEY-881,0.9834787845611572,True,True,True
175,525,20.572100313479623,82,AIEY-821,0.831190288066864,True,True,True
176,525,20.572100313479623,71,,0.4869008958339691,False,False,False
177,542,21.238244514106583,71,,0.6724022626876831,False,False,False
178,547,21.434169278996865,71,,0.6002944111824036,False,False,False
179,548,21.473354231974923,84,,0.5235158205032349,False,False,False
180,549,21.512539184952978,84,KIX-774,0.8458901047706604,True,True,True
181,550,21.551724137931036,84,KIX-724,0.731155514717102,True,True,True
182,551,21.59090909090909,84,,0.874569833278656,False,False,False
183,552,21.630094043887148,84,KTM-724,0.8822430968284607,True,True,True
184,553,21.669278996865202,84,KTM-724,0.8755611181259155,True,True,True
185,554,21.70846394984326,84,KTM-724,0.881709635257721,True,True,True
186,555,21.747648902821318,84,KTM-724,0.9621716737747192,True,True,True
187,556,21.786833855799372,84,KTM-724,0.9202471375465393,True,True,True
188,557,21.82601880877743,84,KTM-724,0.8954763412475586,True,True,True
189,558,21.865203761755485,84,KTM-724,0.8701937794685364,True,True,True
190,559,21.904388714733543,84,KTM-724,0.9880776405334473,True,True,True
191,560,21.9435736677116,84,KTM-724,0.8912273049354553,True,True,True
192,561,21.982758620689655,84,KTM-724,0.9351851344108582,True,True,True
193,562,22.021943573667713,84,KTM-724,0.9902051091194153,True,True,True
194,562,22.021943573667713,84,,0.4800151586532593,False,False,False
195,564,22.100313479623825,48,,0.5244919657707214,False,False,False
196,565,22.13949843260188,96,,0.623011589050293,False,False,False
197,566,22.178683385579937,84,,0.8728899955749512,False,False,False
198,566,22.178683385579937,96,,0.5462067723274231,False,False,False
199,567,22.217868338557995,84,KTL-720,0.8190188407897949,True,True,True
200,567,22.217868338557995,96,,0.5321727395057678,False,False,False
201,568,22.25705329153605,84,RTM-724,0.8300575017929077,True,True,True
202,568,22.25705329153605,96,,0.5905286073684692,False,False,False
203,569,22.296238244514107,84,,0.8421308398246765,False,False,False
204,569,22.296238244514107,96,,0.49735283851623535,False,False,False
205,570,22.33542319749216,84,KTM-324,0.9001265168190002,True,True,True
206,570,22.33542319749216,96,,0.5442489385604858,False,False,False
207,571,22.37460815047022,84,KTM-724,0.9355777502059937,True,True,True
208,571,22.37460815047022,96,,0.5637934803962708,False,False,False
209,572,22.413793103448278,84,KTM-724,0.9447252154350281,True,True,True
210,572,22.413793103448278,96,,0.5132078528404236,False,False,False
211,573,22.452978056426332,84,KTM-724,0.9391088485717773,True,True,True
212,574,22.49216300940439,48,HRH-657,0.5547686219215393,True,True,True
213,575,22.531347962382444,48,,0.6488536596298218,False,False,False
214,576,22.570532915360502,48,,0.646769642829895,False,False,False
215,579,22.688087774294672,48,,0.546400249004364,False,False,False
216,582,22.80564263322884,48,MHMH-357,0.5720967054367065,True,True,True
217,583,22.844827586206897,48,,0.5307210087776184,False,False,False
218,584,22.884012539184955,97,HMH-657,0.6089529395103455,True,True,True
219,585,22.92319749216301,97,,0.622795820236206,False,False,False
220,586,22.962382445141067,97,,0.9285305738449097,False,False,False
221,587,23.00156739811912,97,,0.8004536628723145,False,False,False
222,588,23.04075235109718,97,,0.884696364402771,False,False,False
223,589,23.079937304075234,97,,0.7112899422645569,False,False,False
224,592,23.197492163009404,97,,0.7285658121109009,False,False,False
225,593,23.23667711598746,97,MOK-368,0.7046536803245544,True,True,True
226,594,23.275862068965516,97,MOK-356,0.7840176224708557,True,True,True
227,595,23.315047021943574,97,,0.9901572465896606,False,False,False
228,596,23.354231974921632,97,,0.8979202508926392,False,False,False
229,597,23.393416927899686,97,,0.9308211207389832,False,False,False
230,598,23.432601880877744,97,,0.9785692691802979,False,False,False
231,598,23.432601880877744,97,,0.5881844162940979,False,False,False
232,599,23.4717868338558,97,,0.9191171526908875,False,False,False
233,600,23.510971786833856,97,,0.9329211711883545,False,False,False
234,600,23.510971786833856,48,RHH-757,0.9488986134529114,True,True,True
235,601,23.55015673981191,97,,0.8920890688896179,False,False,False
236,601,23.55015673981191,48,RHH-757,0.9351617693901062,True,True,True
237,602,23.58934169278997,48,RHH-797,0.9350162148475647,True,True,True
238,603,23.628526645768027,97,,0.8606035113334656,False,False,False
239,603,23.628526645768027,48,,0.9462215304374695,False,False,False
240,604,23.66771159874608,97,,0.8261964917182922,False,False,False
241,604,23.66771159874608,48,,0.830395519733429,False,False,False
242,605,23.70689655172414,97,,0.8124616146087646,False,False,False
243,605,23.70689655172414,48,,0.8262982368469238,False,False,False
244,606,23.746081504702193,48,,0.9390206336975098,False,False,False
245,606,23.746081504702193,97,,0.7241598963737488,False,False,False
246,607,23.78526645768025,48,RHH-757,0.7088677287101746,True,True,True
247,608,23.82445141065831,48,,0.8892181515693665,False,False,False
248,609,23.863636363636363,48,,0.7702177166938782,False,False,False
249,609,23.863636363636363,97,,0.7182791829109192,False,False,False
250,610,23.90282131661442,97,,0.8847141861915588,False,False,False
251,611,23.942006269592476,97,,0.9682908654212952,False,False,False
252,612,23.981191222570533,97,,0.9493331909179688,False,False,False
253,613,24.020376175548588,97,,0.9935042262077332,False,False,False
254,614,24.059561128526646,97,KDK-366,0.8862472176551819,True,True,True
255,615,24.098746081504704,97,,0.9021291732788086,False,False,False
256,616,24.137931034482758,97,,0.9471732974052429,False,False,False
257,617,24.177115987460816,97,,0.7869560718536377,False,False,False
258,630,24.686520376175547,99,,0.6704525947570801,False,False,False
259,633,24.804075235109718,102,KGU-710,0.9404970407485962,True,True,True
260,634,24.843260188087775,102,KGU-710,0.9618254899978638,True,True,True
261,635,24.88244514106583,102,,0.821160614490509,False,False,False
262,636,24.921630094043888,102,KGU-710,0.9175536036491394,True,True,True
263,637,24.960815047021942,102,KGU-710,0.8505116701126099,True,True,True
264,638,25.0,102,KGU-710,0.9564357995986938,True,True,True
265,640,25.078369905956112,102,KGU-710,0.9557347893714905,True,True,True
266,641,25.11755485893417,102,KGU-710,0.988355815410614,True,True,True
267,642,25.156739811912225,102,KGU-710,0.8937877416610718,True,True,True
268,643,25.195924764890282,102,KGU-710,0.8929997682571411,True,True,True
269,644,25.235109717868337,102,KGU-710,0.8230142593383789,True,True,True
270,645,25.274294670846395,102,KGU-710,0.9617224335670471,True,True,True
271,646,25.313479623824453,102,KGU-710,0.8834425806999207,True,True,True
272,650,25.470219435736677,102,,0.7757014632225037,False,False,False
273,651,25.509404388714735,102,KGU-710,0.8901032209396362,True,True,True
274,652,25.54858934169279,102,KGU-710,0.8871200680732727,True,True,True
275,653,25.587774294670847,102,KGU-710,0.9826043844223022,True,True,True
276,654,25.6269592476489,102,KGU-710,0.9857445955276489,True,True,True
277,655,25.66614420062696,102,KGU-710,0.9928968548774719,True,True,True
278,656,25.705329153605014,102,KGU-710,0.9789236783981323,True,True,True
279,657,25.744514106583072,102,KGU-710,0.9667235612869263,True,True,True
280,658,25.78369905956113,102,KGU-710,0.9591816663742065,True,True,True
281,681,26.684952978056426,110,AEM-661,0.5686138868331909,True,True,True
282,682,26.724137931034484,110,AEM-653,0.952602744102478,True,True,True
283,683,26.76332288401254,110,AEM-663,0.8979833722114563,True,True,True
284,684,26.802507836990596,110,,0.8316018581390381,False,False,False
285,685,26.84169278996865,110,AEM-653,0.9229015111923218,True,True,True
286,686,26.88087774294671,110,AEM-653,0.9057587385177612,True,True,True
287,687,26.920062695924766,110,AELM-653,0.8560499548912048,True,True,True
288,688,26.95924764890282,110,AELM-653,0.90496826171875,True,True,True
289,689,26.99843260188088,110,AELM-653,0.8874877691268921,True,True,True
290,690,27.037617554858933,110,AEM-653,0.8680033087730408,True,True,True
291,691,27.07680250783699,110,AELM-653,0.9099819660186768,True,True,True
292,692,27.115987460815045,110,AELM-653,0.9557589888572693,True,True,True
293,692,27.115987460815045,110,,0.8915005922317505,False,False,False
294,697,27.311912225705328,113,,0.8435688018798828,False,False,False
295,698,27.351097178683386,113,AELM-653,0.9447885751724243,True,True,True
296,699,27.390282131661444,113,AELM-653,0.9772307872772217,True,True,True
297,700,27.429467084639498,113,AELM-653,0.9135063290596008,True,True,True
298,701,27.468652037617556,113,,0.9095517992973328,False,False,False
299,702,27.50783699059561,113,AELM-653,0.8802469372749329,True,True,True
300,703,27.547021943573668,113,,0.9539793133735657,False,False,False
301,727,28.487460815047022,116,PLE-072,0.8205138444900513,True,True,True
302,728,28.526645768025077,116,HLE-072,0.8684073090553284,True,True,True
303,729,28.565830721003135,116,HLE-072,0.8291285634040833,True,True,True
304,730,28.605015673981192,116,HLE-072,0.8764777779579163,True,True,True
305,731,28.644200626959247,116,HLE-072,0.9343506693840027,True,True,True
306,732,28.683385579937305,116,HLE-072,0.9812780022621155,True,True,True
307,733,28.72257053291536,116,HLE-072,0.8722761273384094,True,True,True
308,734,28.761755485893417,116,HLE-072,0.9069219827651978,True,True,True
309,735,28.800940438871475,116,HLE-072,0.9184166789054871,True,True,True
310,736,28.84012539184953,116,HLE-072,0.8938475251197815,True,True,True
311,737,28.879310344827587,116,HLE-072,0.8509154319763184,True,True,True
312,740,28.996865203761754,116,,0.6374908685684204,False,False,False
313,741,29.03605015673981,116,HLE-072,0.9222851991653442,True,True,True
314,742,29.07523510971787,116,HLE-072,0.9137048125267029,True,True,True
315,743,29.114420062695924,116,HLE-072,0.8130485415458679,True,True,True
316,744,29.153605015673982,116,HLE-072,0.944248378276825,True,True,True
317,745,29.192789968652036,116,HLE-072,0.829306960105896,True,True,True
318,746,29.231974921630094,116,HLE-072,0.8369207382202148,True,True,True
