block_index,condition,controller,D,tau_D,env_trigger,trigger,current_mean_U_proposal,U_max,state_before,raw_candidate,raw_objective,projected_candidate,projection_active,raw_weighted_norm,state_after,committed_update_norm,decision,rollback,fail_safe,gate_accepted,gate_candidate_U,gate_current_U,gate_p95_ms,gate_semantic_mismatches
0,clean,B0,0.14306015046828907,1.7733452889742856,0,0,0.013040621266427717,0.1386722785857638,rsplit=1.600000;wprior=2.000000;gblock=0.050000,rsplit=1.600000;wprior=2.000000;gblock=0.050000,,rsplit=1.600000;wprior=2.000000;gblock=0.050000,0,0.0,rsplit=1.600000;wprior=2.000000;gblock=0.050000,0.0,hold,0,0,,,,,
0,clean,B1,0.14306015046828907,1.7733452889742856,0,0,0.013040621266427717,0.1386722785857638,rsplit=1.600000;wprior=2.000000;gblock=0.050000,rsplit=1.600000;wprior=2.000000;gblock=0.050000,,rsplit=1.600000;wprior=2.000000;gblock=0.050000,0,0.0,rsplit=1.600000;wprior=2.000000;gblock=0.050000,0.0,hold,0,0,,,,,
0,clean,B2,0.14306015046828907,1.7733452889742856,0,0,0.013040621266427717,0.1386722785857638,rsplit=1.600000;wprior=2.000000;gblock=0.050000,rsplit=1.600000;wprior=2.000000;gblock=0.050000,,rsplit=1.600000;wprior=2.000000;gblock=0.050000,0,0.0,rsplit=1.600000;wprior=2.000000;gblock=0.050000,0.0,hold,0,0,,,,,
0,clean,B3,0.14306015046828907,1.7733452889742856,0,0,0.013040621266427717,0.1386722785857638,rsplit=1.600000;wprior=2.000000;gblock=0.050000,rsplit=1.600000;wprior=2.000000;gblock=0.050000,,rsplit=1.600000;wprior=2.000000;gblock=0.050000,0,0.0,rsplit=1.600000;wprior=2.000000;gblock=0.050000,0.0,hold,0,0,,,,,
0,clean,B3-I,0.14306015046828907,1.7733452889742856,0,0,0.013040621266427717,0.1386722785857638,rsplit=1.600000;wprior=2.000000;gblock=0.050000,rsplit=1.600000;wprior=2.000000;gblock=0.050000,,rsplit=1.600000;wprior=2.000000;gblock=0.050000,0,0.0,rsplit=1.600000;wprior=2.000000;gblock=0.050000,0.0,hold,0,0,,,,,
0,clean,B3-R0,0.14306015046828907,1.7733452889742856,0,0,0.013040621266427717,0.1386722785857638,rsplit=1.600000;wprior=2.000000;gblock=0.050000,rsplit=1.600000;wprior=2.000000;gblock=0.050000,,rsplit=1.600000;wprior=2.000000;gblock=0.050000,0,0.0,rsplit=1.600000;wprior=2.000000;gblock=0.050000,0.0,hold,0,0,,,,,
1,blur,B0,4.7379316563574845,1.7733452889742856,1,0,0.027777777777777783,0.1386722785857638,rsplit=1.600000;wprior=2.000000;gblock=0.050000,rsplit=1.600000;wprior=2.000000;gblock=0.050000,,rsplit=1.600000;wprior=2.000000;gblock=0.050000,0,0.0,rsplit=1.600000;wprior=2.000000;gblock=0.050000,0.0,hold,0,0,,,,,
1,blur,B1,4.7379316563574845,1.7733452889742856,1,1,0.027777777777777783,0.1386722785857638,rsplit=1.600000;wprior=2.000000;gblock=0.050000,rsplit=1.600000;wprior=2.000000;gblock=0.050000,0.027777777777777783,rsplit=1.600000;wprior=2.000000;gblock=0.050000,0,0.0,rsplit=1.600000;wprior=2.000000;gblock=0.050000,0.0,commit_raw,0,0,,,,,
1,blur,B2,4.7379316563574845,1.7733452889742856,1,1,0.027777777777777783,0.1386722785857638,rsplit=1.600000;wprior=2.000000;gblock=0.050000,rsplit=1.600000;wprior=2.000000;gblock=0.050000,0.027777777777777783,rsplit=1.600000;wprior=2.000000;gblock=0.050000,0,0.0,rsplit=1.600000;wprior=2.000000;gblock=0.050000,0.0,commit_bounded,0,0,,,,,
1,blur,B3,4.7379316563574845,1.7733452889742856,1,1,0.027777777777777783,0.1386722785857638,rsplit=1.600000;wprior=2.000000;gblock=0.050000,rsplit=1.600000;wprior=2.000000;gblock=0.050000,0.027777777777777783,rsplit=1.600000;wprior=2.000000;gblock=0.050000,0,0.0,rsplit=1.600000;wprior=2.000000;gblock=0.050000,0.0,commit_gated,0,0,1,0.02407407407407407,0.02407407407407407,585.8815981075168,0
1,blur,B3-I,4.7379316563574845,1.7733452889742856,1,1,0.027777777777777783,0.1386722785857638,rsplit=1.600000;wprior=2.000000;gblock=0.050000,rsplit=1.600000;wprior=2.000000;gblock=0.050000,0.027777777777777783,rsplit=1.600000;wprior=2.000000;gblock=0.050000,0,0.0,rsplit=1.600000;wprior=2.000000;gblock=0.050000,0.0,commit_gated_identity,0,0,1,0.02407407407407407,0.02407407407407407,585.8815981075168,0
1,blur,B3-R0,4.7379316563574845,1.7733452889742856,1,1,0.027777777777777783,0.1386722785857638,rsplit=1.600000;wprior=2.000000;gblock=0.050000,rsplit=1.600000;wprior=2.000000;gblock=0.050000,0.027777777777777783,rsplit=1.600000;wprior=2.000000;gblock=0.050000,0,0.0,rsplit=1.600000;wprior=2.000000;gblock=0.050000,0.0,commit_gated,0,0,1,0.02407407407407407,0.02407407407407407,585.8815981075168,0
2,clean,B0,0.24035824936722783,1.7733452889742856,0,0,0.015108522500995621,0.1386722785857638,rsplit=1.600000;wprior=2.000000;gblock=0.050000,rsplit=1.600000;wprior=2.000000;gblock=0.050000,,rsplit=1.600000;wprior=2.000000;gblock=0.050000,0,0.0,rsplit=1.600000;wprior=2.000000;gblock=0.050000,0.0,hold,0,0,,,,,
2,clean,B1,0.24035824936722783,1.7733452889742856,0,0,0.015108522500995621,0.1386722785857638,rsplit=1.600000;wprior=2.000000;gblock=0.050000,rsplit=1.600000;wprior=2.000000;gblock=0.050000,,rsplit=1.600000;wprior=2.000000;gblock=0.050000,0,0.0,rsplit=1.600000;wprior=2.000000;gblock=0.050000,0.0,hold,0,0,,,,,
2,clean,B2,0.24035824936722783,1.7733452889742856,0,0,0.015108522500995621,0.1386722785857638,rsplit=1.600000;wprior=2.000000;gblock=0.050000,rsplit=1.600000;wprior=2.000000;gblock=0.050000,,rsplit=1.600000;wprior=2.000000;gblock=0.050000,0,0.0,rsplit=1.600000;wprior=2.000000;gblock=0.050000,0.0,hold,0,0,,,,,
2,clean,B3,0.24035824936722783,1.7733452889742856,0,0,0.015108522500995621,0.1386722785857638,rsplit=1.600000;wprior=2.000000;gblock=0.050000,rsplit=1.600000;wprior=2.000000;gblock=0.050000,,rsplit=1.600000;wprior=2.000000;gblock=0.050000,0,0.0,rsplit=1.600000;wprior=2.000000;gblock=0.050000,0.0,hold,0,0,,,,,
2,clean,B3-I,0.24035824936722783,1.7733452889742856,0,0,0.015108522500995621,0.1386722785857638,rsplit=1.600000;wprior=2.000000;gblock=0.050000,rsplit=1.600000;wprior=2.000000;gblock=0.050000,,rsplit=1.600000;wprior=2.000000;gblock=0.050000,0,0.0,rsplit=1.600000;wprior=2.000000;gblock=0.050000,0.0,hold,0,0,,,,,
2,clean,B3-R0,0.24035824936722783,1.7733452889742856,0,0,0.015108522500995621,0.1386722785857638,rsplit=1.600000;wprior=2.000000;gblock=0.050000,rsplit=1.600000;wprior=2.000000;gblock=0.050000,,rsplit=1.600000;wprior=2.000000;gblock=0.050000,0,0.0,rsplit=1.600000;wprior=2.000000;gblock=0.050000,0.0,hold,0,0,,,,,
3,glare,B0,2.4211901960174402,1.7733452889742856,1,0,0.013113425925925928,0.1386722785857638,rsplit=1.600000;wprior=2.000000;gblock=0.050000,rsplit=1.600000;wprior=2.000000;gblock=0.050000,,rsplit=1.600000;wprior=2.000000;gblock=0.050000,0,0.0,rsplit=1.600000;wprior=2.000000;gblock=0.050000,0.0,hold,0,0,,,,,
3,glare,B1,2.4211901960174402,1.7733452889742856,1,1,0.013113425925925928,0.1386722785857638,rsplit=1.600000;wprior=2.000000;gblock=0.050000,rsplit=1.600000;wprior=2.000000;gblock=0.050000,0.013113425925925928,rsplit=1.600000;wprior=2.000000;gblock=0.050000,0,0.0,rsplit=1.600000;wprior=2.000000;gblock=0.050000,0.0,commit_raw,0,0,,,,,
3,glare,B2,2.4211901960174402,1.7733452889742856,1,1,0.013113425925925928,0.1386722785857638,rsplit=1.600000;wprior=2.000000;gblock=0.050000,rsplit=1.600000;wprior=2.000000;gblock=0.050000,0.013113425925925928,rsplit=1.600000;wprior=2.000000;gblock=0.050000,0,0.0,rsplit=1.600000;wprior=2.000000;gblock=0.050000,0.0,commit_bounded,0,0,,,,,
3,glare,B3,2.4211901960174402,1.7733452889742856,1,1,0.013113425925925928,0.1386722785857638,rsplit=1.600000;wprior=2.000000;gblock=0.050000,rsplit=1.600000;wprior=2.000000;gblock=0.050000,0.013113425925925928,rsplit=1.600000;wprior=2.000000;gblock=0.050000,0,0.0,rsplit=1.600000;wprior=2.000000;gblock=0.050000,0.0,commit_gated,0,0,1,0.013451970811189389,0.013451970811189389,594.916108995676,0
3,glare,B3-I,2.4211901960174402,1.7733452889742856,1,1,0.013113425925925928,0.1386722785857638,rsplit=1.600000;wprior=2.000000;gblock=0.050000,rsplit=1.600000;wprior=2.000000;gblock=0.050000,0.013113425925925928,rsplit=1.600000;wprior=2.000000;gblock=0.050000,0,0.0,rsplit=1.600000;wprior=2.000000;gblock=0.050000,0.0,commit_gated_identity,0,0,1,0.013451970811189389,0.013451970811189389,594.916108995676,0
3,glare,B3-R0,2.4211901960174402,1.7733452889742856,1,1,0.013113425925925928,0.1386722785857638,rsplit=1.600000;wprior=2.000000;gblock=0.050000,rsplit=1.600000;wprior=2.000000;gblock=0.050000,0.013113425925925928,rsplit=1.600000;wprior=2.000000;gblock=0.050000,0,0.0,rsplit=1.600000;wprior=2.000000;gblock=0.050000,0.0,commit_gated,0,0,1,0.013451970811189389,0.013451970811189389,594.916108995676,0
4,clean,B0,0.47561984841664456,1.7733452889742856,0,0,0.009351851851851853,0.1386722785857638,rsplit=1.600000;wprior=2.000000;gblock=0.050000,rsplit=1.600000;wprior=2.000000;gblock=0.050000,,rsplit=1.600000;wprior=2.000000;gblock=0.050000,0,0.0,rsplit=1.600000;wprior=2.000000;gblock=0.050000,0.0,hold,0,0,,,,,
4,clean,B1,0.47561984841664456,1.7733452889742856,0,0,0.009351851851851853,0.1386722785857638,rsplit=1.600000;wprior=2.000000;gblock=0.050000,rsplit=1.600000;wprior=2.000000;gblock=0.050000,,rsplit=1.600000;wprior=2.000000;gblock=0.050000,0,0.0,rsplit=1.600000;wprior=2.000000;gblock=0.050000,0.0,hold,0,0,,,,,
4,clean,B2,0.47561984841664456,1.7733452889742856,0,0,0.009351851851851853,0.1386722785857638,rsplit=1.600000;wprior=2.000000;gblock=0.050000,rsplit=1.600000;wprior=2.000000;gblock=0.050000,,rsplit=1.600000;wprior=2.000000;gblock=0.050000,0,0.0,rsplit=1.600000;wprior=2.000000;gblock=0.050000,0.0,hold,0,0,,,,,
4,clean,B3,0.47561984841664456,1.7733452889742856,0,0,0.009351851851851853,0.1386722785857638,rsplit=1.600000;wprior=2.000000;gblock=0.050000,rsplit=1.600000;wprior=2.000000;gblock=0.050000,,rsplit=1.600000;wprior=2.000000;gblock=0.050000,0,0.0,rsplit=1.600000;wprior=2.000000;gblock=0.050000,0.0,hold,0,0,,,,,
4,clean,B3-I,0.47561984841664456,1.7733452889742856,0,0,0.009351851851851853,0.1386722785857638,rsplit=1.600000;wprior=2.000000;gblock=0.050000,rsplit=1.600000;wprior=2.000000;gblock=0.050000,,rsplit=1.600000;wprior=2.000000;gblock=0.050000,0,0.0,rsplit=1.600000;wprior=2.000000;gblock=0.050000,0.0,hold,0,0,,,,,
4,clean,B3-R0,0.47561984841664456,1.7733452889742856,0,0,0.009351851851851853,0.1386722785857638,rsplit=1.600000;wprior=2.000000;gblock=0.050000,rsplit=1.600000;wprior=2.000000;gblock=0.050000,,rsplit=1.600000;wprior=2.000000;gblock=0.050000,0,0.0,rsplit=1.600000;wprior=2.000000;gblock=0.050000,0.0,hold,0,0,,,,,
5,threshold,B0,0.5266745525442753,1.7733452889742856,0,0,0.029780092592592587,0.1386722785857638,rsplit=1.600000;wprior=2.000000;gblock=0.050000,rsplit=1.600000;wprior=2.000000;gblock=0.050000,,rsplit=1.600000;wprior=2.000000;gblock=0.050000,0,0.0,rsplit=1.600000;wprior=2.000000;gblock=0.050000,0.0,hold,0,0,,,,,
5,threshold,B1,0.5266745525442753,1.7733452889742856,0,0,0.029780092592592587,0.1386722785857638,rsplit=1.600000;wprior=2.000000;gblock=0.050000,rsplit=1.600000;wprior=2.000000;gblock=0.050000,,rsplit=1.600000;wprior=2.000000;gblock=0.050000,0,0.0,rsplit=1.600000;wprior=2.000000;gblock=0.050000,0.0,hold,0,0,,,,,
5,threshold,B2,0.5266745525442753,1.7733452889742856,0,0,0.029780092592592587,0.1386722785857638,rsplit=1.600000;wprior=2.000000;gblock=0.050000,rsplit=1.600000;wprior=2.000000;gblock=0.050000,,rsplit=1.600000;wprior=2.000000;gblock=0.050000,0,0.0,rsplit=1.600000;wprior=2.000000;gblock=0.050000,0.0,hold,0,0,,,,,
5,threshold,B3,0.5266745525442753,1.7733452889742856,0,0,0.029780092592592587,0.1386722785857638,rsplit=1.600000;wprior=2.000000;gblock=0.050000,rsplit=1.600000;wprior=2.000000;gblock=0.050000,,rsplit=1.600000;wprior=2.000000;gblock=0.050000,0,0.0,rsplit=1.600000;wprior=2.000000;gblock=0.050000,0.0,hold,0,0,,,,,
5,threshold,B3-I,0.5266745525442753,1.7733452889742856,0,0,0.029780092592592587,0.1386722785857638,rsplit=1.600000;wprior=2.000000;gblock=0.050000,rsplit=1.600000;wprior=2.000000;gblock=0.050000,,rsplit=1.600000;wprior=2.000000;gblock=0.050000,0,0.0,rsplit=1.600000;wprior=2.000000;gblock=0.050000,0.0,hold,0,0,,,,,
5,threshold,B3-R0,0.5266745525442753,1.7733452889742856,0,0,0.029780092592592587,0.1386722785857638,rsplit=1.600000;wprior=2.000000;gblock=0.050000,rsplit=1.600000;wprior=2.000000;gblock=0.050000,,rsplit=1.600000;wprior=2.000000;gblock=0.050000,0,0.0,rsplit=1.600000;wprior=2.000000;gblock=0.050000,0.0,hold,0,0,,,,,
6,clean,B0,0.9663529991208886,1.7733452889742856,0,0,0.01490740740740741,0.1386722785857638,rsplit=1.600000;wprior=2.000000;gblock=0.050000,rsplit=1.600000;wprior=2.000000;gblock=0.050000,,rsplit=1.600000;wprior=2.000000;gblock=0.050000,0,0.0,rsplit=1.600000;wprior=2.000000;gblock=0.050000,0.0,hold,0,0,,,,,
6,clean,B1,0.9663529991208886,1.7733452889742856,0,0,0.01490740740740741,0.1386722785857638,rsplit=1.600000;wprior=2.000000;gblock=0.050000,rsplit=1.600000;wprior=2.000000;gblock=0.050000,,rsplit=1.600000;wprior=2.000000;gblock=0.050000,0,0.0,rsplit=1.600000;wprior=2.000000;gblock=0.050000,0.0,hold,0,0,,,,,
6,clean,B2,0.9663529991208886,1.7733452889742856,0,0,0.01490740740740741,0.1386722785857638,rsplit=1.600000;wprior=2.000000;gblock=0.050000,rsplit=1.600000;wprior=2.000000;gblock=0.050000,,rsplit=1.600000;wprior=2.000000;gblock=0.050000,0,0.0,rsplit=1.600000;wprior=2.000000;gblock=0.050000,0.0,hold,0,0,,,,,
6,clean,B3,0.9663529991208886,1.7733452889742856,0,0,0.01490740740740741,0.1386722785857638,rsplit=1.600000;wprior=2.000000;gblock=0.050000,rsplit=1.600000;wprior=2.000000;gblock=0.050000,,rsplit=1.600000;wprior=2.000000;gblock=0.050000,0,0.0,rsplit=1.600000;wprior=2.000000;gblock=0.050000,0.0,hold,0,0,,,,,
6,clean,B3-I,0.9663529991208886,1.7733452889742856,0,0,0.01490740740740741,0.1386722785857638,rsplit=1.600000;wprior=2.000000;gblock=0.050000,rsplit=1.600000;wprior=2.000000;gblock=0.050000,,rsplit=1.600000;wprior=2.000000;gblock=0.050000,0,0.0,rsplit=1.600000;wprior=2.000000;gblock=0.050000,0.0,hold,0,0,,,,,
6,clean,B3-R0,0.9663529991208886,1.7733452889742856,0,0,0.01490740740740741,0.1386722785857638,rsplit=1.600000;wprior=2.000000;gblock=0.050000,rsplit=1.600000;wprior=2.000000;gblock=0.050000,,rsplit=1.600000;wprior=2.000000;gblock=0.050000,0,0.0,rsplit=1.600000;wprior=2.000000;gblock=0.050000,0.0,hold,0,0,,,,,
7,compression,B0,0.7774606504774144,1.7733452889742856,0,0,0.009342403628117913,0.1386722785857638,rsplit=1.600000;wprior=2.000000;gblock=0.050000,rsplit=1.600000;wprior=2.000000;gblock=0.050000,,rsplit=1.600000;wprior=2.000000;gblock=0.050000,0,0.0,rsplit=1.600000;wprior=2.000000;gblock=0.050000,0.0,hold,0,0,,,,,
7,compression,B1,0.7774606504774144,1.7733452889742856,0,0,0.009342403628117913,0.1386722785857638,rsplit=1.600000;wprior=2.000000;gblock=0.050000,rsplit=1.600000;wprior=2.000000;gblock=0.050000,,rsplit=1.600000;wprior=2.000000;gblock=0.050000,0,0.0,rsplit=1.600000;wprior=2.000000;gblock=0.050000,0.0,hold,0,0,,,,,
7,compression,B2,0.7774606504774144,1.7733452889742856,0,0,0.009342403628117913,0.1386722785857638,rsplit=1.600000;wprior=2.000000;gblock=0.050000,rsplit=1.600000;wprior=2.000000;gblock=0.050000,,rsplit=1.600000;wprior=2.000000;gblock=0.050000,0,0.0,rsplit=1.600000;wprior=2.000000;gblock=0.050000,0.0,hold,0,0,,,,,
7,compression,B3,0.7774606504774144,1.7733452889742856,0,0,0.009342403628117913,0.1386722785857638,rsplit=1.600000;wprior=2.000000;gblock=0.050000,rsplit=1.600000;wprior=2.000000;gblock=0.050000,,rsplit=1.600000;wprior=2.000000;gblock=0.050000,0,0.0,rsplit=1.600000;wprior=2.000000;gblock=0.050000,0.0,hold,0,0,,,,,
7,compression,B3-I,0.7774606504774144,1.7733452889742856,0,0,0.009342403628117913,0.1386722785857638,rsplit=1.600000;wprior=2.000000;gblock=0.050000,rsplit=1.600000;wprior=2.000000;gblock=0.050000,,rsplit=1.600000;wprior=2.000000;gblock=0.050000,0,0.0,rsplit=1.600000;wprior=2.000000;gblock=0.050000,0.0,hold,0,0,,,,,
7,compression,B3-R0,0.7774606504774144,1.7733452889742856,0,0,0.009342403628117913,0.1386722785857638,rsplit=1.600000;wprior=2.000000;gblock=0.050000,rsplit=1.600000;wprior=2.000000;gblock=0.050000,,rsplit=1.600000;wprior=2.000000;gblock=0.050000,0,0.0,rsplit=1.600000;wprior=2.000000;gblock=0.050000,0.0,hold,0,0,,,,,
8,clean,B0,0.5580316506485692,1.7733452889742856,0,0,0.005555555555555555,0.1386722785857638,rsplit=1.600000;wprior=2.000000;gblock=0.050000,rsplit=1.600000;wprior=2.000000;gblock=0.050000,,rsplit=1.600000;wprior=2.000000;gblock=0.050000,0,0.0,rsplit=1.600000;wprior=2.000000;gblock=0.050000,0.0,hold,0,0,,,,,
8,clean,B1,0.5580316506485692,1.7733452889742856,0,0,0.005555555555555555,0.1386722785857638,rsplit=1.600000;wprior=2.000000;gblock=0.050000,rsplit=1.600000;wprior=2.000000;gblock=0.050000,,rsplit=1.600000;wprior=2.000000;gblock=0.050000,0,0.0,rsplit=1.600000;wprior=2.000000;gblock=0.050000,0.0,hold,0,0,,,,,
8,clean,B2,0.5580316506485692,1.7733452889742856,0,0,0.005555555555555555,0.1386722785857638,rsplit=1.600000;wprior=2.000000;gblock=0.050000,rsplit=1.600000;wprior=2.000000;gblock=0.050000,,rsplit=1.600000;wprior=2.000000;gblock=0.050000,0,0.0,rsplit=1.600000;wprior=2.000000;gblock=0.050000,0.0,hold,0,0,,,,,
8,clean,B3,0.5580316506485692,1.7733452889742856,0,0,0.005555555555555555,0.1386722785857638,rsplit=1.600000;wprior=2.000000;gblock=0.050000,rsplit=1.600000;wprior=2.000000;gblock=0.050000,,rsplit=1.600000;wprior=2.000000;gblock=0.050000,0,0.0,rsplit=1.600000;wprior=2.000000;gblock=0.050000,0.0,hold,0,0,,,,,
8,clean,B3-I,0.5580316506485692,1.7733452889742856,0,0,0.005555555555555555,0.1386722785857638,rsplit=1.600000;wprior=2.000000;gblock=0.050000,rsplit=1.600000;wprior=2.000000;gblock=0.050000,,rsplit=1.600000;wprior=2.000000;gblock=0.050000,0,0.0,rsplit=1.600000;wprior=2.000000;gblock=0.050000,0.0,hold,0,0,,,,,
8,clean,B3-R0,0.5580316506485692,1.7733452889742856,0,0,0.005555555555555555,0.1386722785857638,rsplit=1.600000;wprior=2.000000;gblock=0.050000,rsplit=1.600000;wprior=2.000000;gblock=0.050000,,rsplit=1.600000;wprior=2.000000;gblock=0.050000,0,0.0,rsplit=1.600000;wprior=2.000000;gblock=0.050000,0.0,hold,0,0,,,,,
9,perspective,B0,2.9512825931302253,1.7733452889742856,1,0,0.02592592592592593,0.1386722785857638,rsplit=1.600000;wprior=2.000000;gblock=0.050000,rsplit=1.600000;wprior=2.000000;gblock=0.050000,,rsplit=1.600000;wprior=2.000000;gblock=0.050000,0,0.0,rsplit=1.600000;wprior=2.000000;gblock=0.050000,0.0,hold,0,0,,,,,
9,perspective,B1,2.9512825931302253,1.7733452889742856,1,1,0.02592592592592593,0.1386722785857638,rsplit=1.600000;wprior=2.000000;gblock=0.050000,rsplit=1.600000;wprior=2.000000;gblock=0.050000,0.02592592592592593,rsplit=1.600000;wprior=2.000000;gblock=0.050000,0,0.0,rsplit=1.600000;wprior=2.000000;gblock=0.050000,0.0,commit_raw,0,0,,,,,
9,perspective,B2,2.9512825931302253,1.7733452889742856,1,1,0.02592592592592593,0.1386722785857638,rsplit=1.600000;wprior=2.000000;gblock=0.050000,rsplit=1.600000;wprior=2.000000;gblock=0.050000,0.02592592592592593,rsplit=1.600000;wprior=2.000000;gblock=0.050000,0,0.0,rsplit=1.600000;wprior=2.000000;gblock=0.050000,0.0,commit_bounded,0,0,,,,,
9,perspective,B3,2.9512825931302253,1.7733452889742856,1,1,0.02592592592592593,0.1386722785857638,rsplit=1.600000;wprior=2.000000;gblock=0.050000,rsplit=1.600000;wprior=2.000000;gblock=0.050000,0.02592592592592593,rsplit=1.600000;wprior=2.000000;gblock=0.050000,0,0.0,rsplit=1.600000;wprior=2.000000;gblock=0.050000,0.0,commit_gated,0,0,1,0.016666666666666666,0.016666666666666666,636.8933213874698,0
9,perspective,B3-I,2.9512825931302253,1.7733452889742856,1,1,0.02592592592592593,0.1386722785857638,rsplit=1.600000;wprior=2.000000;gblock=0.050000,rsplit=1.600000;wprior=2.000000;gblock=0.050000,0.02592592592592593,rsplit=1.600000;wprior=2.000000;gblock=0.050000,0,0.0,rsplit=1.600000;wprior=2.000000;gblock=0.050000,0.0,commit_gated_identity,0,0,1,0.016666666666666666,0.016666666666666666,636.8933213874698,0
9,perspective,B3-R0,2.9512825931302253,1.7733452889742856,1,1,0.02592592592592593,0.1386722785857638,rsplit=1.600000;wprior=2.000000;gblock=0.050000,rsplit=1.600000;wprior=2.000000;gblock=0.050000,0.02592592592592593,rsplit=1.600000;wprior=2.000000;gblock=0.050000,0,0.0,rsplit=1.600000;wprior=2.000000;gblock=0.050000,0.0,commit_gated,0,0,1,0.016666666666666666,0.016666666666666666,636.8933213874698,0
10,clean,B0,0.4600277066507382,1.7733452889742856,0,0,0.011374591503267972,0.1386722785857638,rsplit=1.600000;wprior=2.000000;gblock=0.050000,rsplit=1.600000;wprior=2.000000;gblock=0.050000,,rsplit=1.600000;wprior=2.000000;gblock=0.050000,0,0.0,rsplit=1.600000;wprior=2.000000;gblock=0.050000,0.0,hold,0,0,,,,,
10,clean,B1,0.4600277066507382,1.7733452889742856,0,0,0.011374591503267972,0.1386722785857638,rsplit=1.600000;wprior=2.000000;gblock=0.050000,rsplit=1.600000;wprior=2.000000;gblock=0.050000,,rsplit=1.600000;wprior=2.000000;gblock=0.050000,0,0.0,rsplit=1.600000;wprior=2.000000;gblock=0.050000,0.0,hold,0,0,,,,,
10,clean,B2,0.4600277066507382,1.7733452889742856,0,0,0.011374591503267972,0.1386722785857638,rsplit=1.600000;wprior=2.000000;gblock=0.050000,rsplit=1.600000;wprior=2.000000;gblock=0.050000,,rsplit=1.600000;wprior=2.000000;gblock=0.050000,0,0.0,rsplit=1.600000;wprior=2.000000;gblock=0.050000,0.0,hold,0,0,,,,,
10,clean,B3,0.4600277066507382,1.7733452889742856,0,0,0.011374591503267972,0.1386722785857638,rsplit=1.600000;wprior=2.000000;gblock=0.050000,rsplit=1.600000;wprior=2.000000;gblock=0.050000,,rsplit=1.600000;wprior=2.000000;gblock=0.050000,0,0.0,rsplit=1.600000;wprior=2.000000;gblock=0.050000,0.0,hold,0,0,,,,,
10,clean,B3-I,0.4600277066507382,1.7733452889742856,0,0,0.011374591503267972,0.1386722785857638,rsplit=1.600000;wprior=2.000000;gblock=0.050000,rsplit=1.600000;wprior=2.000000;gblock=0.050000,,rsplit=1.600000;wprior=2.000000;gblock=0.050000,0,0.0,rsplit=1.600000;wprior=2.000000;gblock=0.050000,0.0,hold,0,0,,,,,
10,clean,B3-R0,0.4600277066507382,1.7733452889742856,0,0,0.011374591503267972,0.1386722785857638,rsplit=1.600000;wprior=2.000000;gblock=0.050000,rsplit=1.600000;wprior=2.000000;gblock=0.050000,,rsplit=1.600000;wprior=2.000000;gblock=0.050000,0,0.0,rsplit=1.600000;wprior=2.000000;gblock=0.050000,0.0,hold,0,0,,,,,
11,touch,B0,9.277468288133074,1.7733452889742856,1,0,0.05694444444444444,0.1386722785857638,rsplit=1.600000;wprior=2.000000;gblock=0.050000,rsplit=1.600000;wprior=2.000000;gblock=0.050000,,rsplit=1.600000;wprior=2.000000;gblock=0.050000,0,0.0,rsplit=1.600000;wprior=2.000000;gblock=0.050000,0.0,hold,0,0,,,,,
11,touch,B1,9.277468288133074,1.7733452889742856,1,1,0.05694444444444444,0.1386722785857638,rsplit=1.600000;wprior=2.000000;gblock=0.050000,rsplit=1.200000;wprior=2.000000;gblock=0.000000,0.03194444444444444,rsplit=1.200000;wprior=2.000000;gblock=0.000000,0,0.0,rsplit=1.200000;wprior=2.000000;gblock=0.000000,8.070651974635519,commit_raw,0,0,,,,,
11,touch,B2,9.277468288133074,1.7733452889742856,1,1,0.05694444444444444,0.1386722785857638,rsplit=1.600000;wprior=2.000000;gblock=0.050000,rsplit=1.200000;wprior=2.000000;gblock=0.000000,0.03194444444444444,rsplit=1.226774;wprior=2.000000;gblock=0.003347,1,8.070651974635519,rsplit=1.226774;wprior=2.000000;gblock=0.003347,7.530441434138459,commit_bounded,0,0,,,,,
11,touch,B3,9.277468288133074,1.7733452889742856,1,1,0.05694444444444444,0.1386722785857638,rsplit=1.600000;wprior=2.000000;gblock=0.050000,rsplit=1.200000;wprior=2.000000;gblock=0.000000,0.03194444444444444,rsplit=1.226774;wprior=2.000000;gblock=0.003347,1,8.070651974635519,rsplit=1.226774;wprior=2.000000;gblock=0.003347,7.530441434138459,commit_gated,0,0,1,0.08712962962962964,0.10379629629629632,863.1335657089948,0
11,touch,B3-I,9.277468288133074,1.7733452889742856,1,1,0.05694444444444444,0.1386722785857638,rsplit=1.600000;wprior=2.000000;gblock=0.050000,rsplit=1.200000;wprior=2.000000;gblock=0.000000,0.03194444444444444,rsplit=1.200000;wprior=2.000000;gblock=0.000000,0,6.403124237432849,rsplit=1.200000;wprior=2.000000;gblock=0.000000,6.403124237432849,commit_gated_identity,0,0,1,0.05194444444444445,0.10379629629629632,867.904391977936,0
11,touch,B3-R0,9.277468288133074,1.7733452889742856,1,1,0.05694444444444444,0.1386722785857638,rsplit=1.600000;wprior=2.000000;gblock=0.050000,rsplit=1.200000;wprior=2.000000;gblock=0.000000,0.03194444444444444,rsplit=1.226774;wprior=2.000000;gblock=0.003347,1,8.070651974635519,rsplit=1.226774;wprior=2.000000;gblock=0.003347,7.530441434138459,commit_gated,0,0,1,0.08712962962962964,0.10379629629629632,863.1335657089948,0
12,clean,B0,0.8372990767666462,1.7733452889742856,0,0,0.0060940255731922405,0.1386722785857638,rsplit=1.600000;wprior=2.000000;gblock=0.050000,rsplit=1.600000;wprior=2.000000;gblock=0.050000,,rsplit=1.600000;wprior=2.000000;gblock=0.050000,0,0.0,rsplit=1.600000;wprior=2.000000;gblock=0.050000,0.0,hold,0,0,,,,,
12,clean,B1,0.8372990767666462,1.7733452889742856,0,0,0.0060940255731922405,0.1386722785857638,rsplit=1.200000;wprior=2.000000;gblock=0.000000,rsplit=1.200000;wprior=2.000000;gblock=0.000000,,rsplit=1.200000;wprior=2.000000;gblock=0.000000,0,0.0,rsplit=1.200000;wprior=2.000000;gblock=0.000000,0.0,hold,0,0,,,,,
12,clean,B2,0.8372990767666462,1.7733452889742856,0,0,0.0060940255731922405,0.1386722785857638,rsplit=1.226774;wprior=2.000000;gblock=0.003347,rsplit=1.226774;wprior=2.000000;gblock=0.003347,,rsplit=1.226774;wprior=2.000000;gblock=0.003347,0,0.0,rsplit=1.226774;wprior=2.000000;gblock=0.003347,0.0,hold,0,0,,,,,
12,clean,B3,0.8372990767666462,1.7733452889742856,0,0,0.0060940255731922405,0.1386722785857638,rsplit=1.226774;wprior=2.000000;gblock=0.003347,rsplit=1.226774;wprior=2.000000;gblock=0.003347,,rsplit=1.226774;wprior=2.000000;gblock=0.003347,0,0.0,rsplit=1.226774;wprior=2.000000;gblock=0.003347,0.0,hold,0,0,,,,,
12,clean,B3-I,0.8372990767666462,1.7733452889742856,0,0,0.0060940255731922405,0.1386722785857638,rsplit=1.200000;wprior=2.000000;gblock=0.000000,rsplit=1.200000;wprior=2.000000;gblock=0.000000,,rsplit=1.200000;wprior=2.000000;gblock=0.000000,0,0.0,rsplit=1.200000;wprior=2.000000;gblock=0.000000,0.0,hold,0,0,,,,,
12,clean,B3-R0,0.8372990767666462,1.7733452889742856,0,0,0.0060940255731922405,0.1386722785857638,rsplit=1.226774;wprior=2.000000;gblock=0.003347,rsplit=1.226774;wprior=2.000000;gblock=0.003347,,rsplit=1.226774;wprior=2.000000;gblock=0.003347,0,0.0,rsplit=1.226774;wprior=2.000000;gblock=0.003347,0.0,hold,0,0,,,,,
13,broken,B0,1.0879771594934764,1.7733452889742856,0,0,0.1210877585249705,0.1386722785857638,rsplit=1.600000;wprior=2.000000;gblock=0.050000,rsplit=1.600000;wprior=2.000000;gblock=0.050000,,rsplit=1.600000;wprior=2.000000;gblock=0.050000,0,0.0,rsplit=1.600000;wprior=2.000000;gblock=0.050000,0.0,hold,0,0,,,,,
13,broken,B1,1.0879771594934764,1.7733452889742856,0,1,0.11764860508581705,0.1386722785857638,rsplit=1.200000;wprior=2.000000;gblock=0.000000,rsplit=1.600000;wprior=2.000000;gblock=0.000000,0.11764860508581705,rsplit=1.600000;wprior=2.000000;gblock=0.000000,0,0.0,rsplit=1.600000;wprior=2.000000;gblock=0.000000,4.195235392680607,commit_raw,0,0,,,,,
13,broken,B2,1.0879771594934764,1.7733452889742856,0,1,0.1210877585249705,0.1386722785857638,rsplit=1.226774;wprior=2.000000;gblock=0.003347,rsplit=1.600000;wprior=2.000000;gblock=0.000000,0.11764860508581705,rsplit=1.600000;wprior=2.000000;gblock=0.000000,0,3.9415366328456485,rsplit=1.600000;wprior=2.000000;gblock=0.000000,3.9415366328456485,commit_bounded,0,0,,,,,
13,broken,B3,1.0879771594934764,1.7733452889742856,0,1,0.1210877585249705,0.1386722785857638,rsplit=1.226774;wprior=2.000000;gblock=0.003347,rsplit=1.600000;wprior=2.000000;gblock=0.000000,0.11764860508581705,rsplit=1.600000;wprior=2.000000;gblock=0.000000,0,3.9415366328456485,rsplit=1.600000;wprior=2.000000;gblock=0.000000,3.9415366328456485,commit_gated,0,0,1,0.08360449735449733,0.08028218694885361,1081.044427398592,0
13,broken,B3-I,1.0879771594934764,1.7733452889742856,0,1,0.11764860508581705,0.1386722785857638,rsplit=1.200000;wprior=2.000000;gblock=0.000000,rsplit=1.600000;wprior=2.000000;gblock=0.000000,0.11764860508581705,rsplit=1.600000;wprior=2.000000;gblock=0.000000,0,4.000000000000001,rsplit=1.600000;wprior=2.000000;gblock=0.000000,4.000000000000001,commit_gated_identity,0,0,1,0.08360449735449733,0.07909992784992784,1081.044427398592,0
13,broken,B3-R0,1.0879771594934764,1.7733452889742856,0,1,0.1210877585249705,0.1386722785857638,rsplit=1.226774;wprior=2.000000;gblock=0.003347,rsplit=1.600000;wprior=2.000000;gblock=0.000000,0.11764860508581705,rsplit=1.600000;wprior=2.000000;gblock=0.000000,0,3.9415366328456485,rsplit=1.600000;wprior=2.000000;gblock=0.000000,3.9415366328456485,commit_gated,0,0,1,0.08360449735449733,0.08028218694885361,1081.044427398592,0
14,clean,B0,0.15492625533223373,1.7733452889742856,0,0,0.015066915655150951,0.1386722785857638,rsplit=1.600000;wprior=2.000000;gblock=0.050000,rsplit=1.600000;wprior=2.000000;gblock=0.050000,,rsplit=1.600000;wprior=2.000000;gblock=0.050000,0,0.0,rsplit=1.600000;wprior=2.000000;gblock=0.050000,0.0,hold,0,0,,,,,
14,clean,B1,0.15492625533223373,1.7733452889742856,0,0,0.015066915655150951,0.1386722785857638,rsplit=1.600000;wprior=2.000000;gblock=0.000000,rsplit=1.600000;wprior=2.000000;gblock=0.000000,,rsplit=1.600000;wprior=2.000000;gblock=0.000000,0,0.0,rsplit=1.600000;wprior=2.000000;gblock=0.000000,0.0,hold,0,0,,,,,
14,clean,B2,0.15492625533223373,1.7733452889742856,0,0,0.015066915655150951,0.1386722785857638,rsplit=1.600000;wprior=2.000000;gblock=0.000000,rsplit=1.600000;wprior=2.000000;gblock=0.000000,,rsplit=1.600000;wprior=2.000000;gblock=0.000000,0,0.0,rsplit=1.600000;wprior=2.000000;gblock=0.000000,0.0,hold,0,0,,,,,
14,clean,B3,0.15492625533223373,1.7733452889742856,0,0,0.015066915655150951,0.1386722785857638,rsplit=1.600000;wprior=2.000000;gblock=0.000000,rsplit=1.600000;wprior=2.000000;gblock=0.000000,,rsplit=1.600000;wprior=2.000000;gblock=0.000000,0,0.0,rsplit=1.600000;wprior=2.000000;gblock=0.000000,0.0,hold,0,0,,,,,
14,clean,B3-I,0.15492625533223373,1.7733452889742856,0,0,0.015066915655150951,0.1386722785857638,rsplit=1.600000;wprior=2.000000;gblock=0.000000,rsplit=1.600000;wprior=2.000000;gblock=0.000000,,rsplit=1.600000;wprior=2.000000;gblock=0.000000,0,0.0,rsplit=1.600000;wprior=2.000000;gblock=0.000000,0.0,hold,0,0,,,,,
14,clean,B3-R0,0.15492625533223373,1.7733452889742856,0,0,0.015066915655150951,0.1386722785857638,rsplit=1.600000;wprior=2.000000;gblock=0.000000,rsplit=1.600000;wprior=2.000000;gblock=0.000000,,rsplit=1.600000;wprior=2.000000;gblock=0.000000,0,0.0,rsplit=1.600000;wprior=2.000000;gblock=0.000000,0.0,hold,0,0,,,,,
15,combo,B0,6.218955337273964,1.7733452889742856,1,0,0.1222222222222222,0.1386722785857638,rsplit=1.600000;wprior=2.000000;gblock=0.050000,rsplit=1.600000;wprior=2.000000;gblock=0.050000,,rsplit=1.600000;wprior=2.000000;gblock=0.050000,0,0.0,rsplit=1.600000;wprior=2.000000;gblock=0.050000,0.0,hold,0,0,,,,,
15,combo,B1,6.218955337273964,1.7733452889742856,1,1,0.08888888888888888,0.1386722785857638,rsplit=1.600000;wprior=2.000000;gblock=0.000000,rsplit=1.200000;wprior=2.000000;gblock=0.000000,0.0685185185185185,rsplit=1.200000;wprior=2.000000;gblock=0.000000,0,0.0,rsplit=1.200000;wprior=2.000000;gblock=0.000000,4.195235392680607,commit_raw,0,0,,,,,
15,combo,B2,6.218955337273964,1.7733452889742856,1,1,0.08888888888888888,0.1386722785857638,rsplit=1.600000;wprior=2.000000;gblock=0.000000,rsplit=1.200000;wprior=2.000000;gblock=0.000000,0.0685185185185185,rsplit=1.200000;wprior=2.000000;gblock=0.000000,0,4.195235392680607,rsplit=1.200000;wprior=2.000000;gblock=0.000000,4.195235392680607,commit_bounded,0,0,,,,,
15,combo,B3,6.218955337273964,1.7733452889742856,1,1,0.08888888888888888,0.1386722785857638,rsplit=1.600000;wprior=2.000000;gblock=0.000000,rsplit=1.200000;wprior=2.000000;gblock=0.000000,0.0685185185185185,rsplit=1.200000;wprior=2.000000;gblock=0.000000,0,4.195235392680607,rsplit=1.200000;wprior=2.000000;gblock=0.000000,4.195235392680607,commit_gated,0,0,1,0.03333333333333333,0.03518518518518518,794.6051477454603,0
15,combo,B3-I,6.218955337273964,1.7733452889742856,1,1,0.08888888888888888,0.1386722785857638,rsplit=1.600000;wprior=2.000000;gblock=0.000000,rsplit=1.200000;wprior=2.000000;gblock=0.000000,0.0685185185185185,rsplit=1.200000;wprior=2.000000;gblock=0.000000,0,4.000000000000001,rsplit=1.200000;wprior=2.000000;gblock=0.000000,4.000000000000001,commit_gated_identity,0,0,1,0.03333333333333333,0.03518518518518518,794.6051477454603,0
15,combo,B3-R0,6.218955337273964,1.7733452889742856,1,1,0.08888888888888888,0.1386722785857638,rsplit=1.600000;wprior=2.000000;gblock=0.000000,rsplit=1.200000;wprior=2.000000;gblock=0.000000,0.0685185185185185,rsplit=1.200000;wprior=2.000000;gblock=0.000000,0,4.195235392680607,rsplit=1.200000;wprior=2.000000;gblock=0.000000,4.195235392680607,commit_gated,0,0,1,0.03333333333333333,0.03518518518518518,794.6051477454603,0
16,clean,B0,0.3823652106122403,1.7733452889742856,0,0,0.005555555555555555,0.1386722785857638,rsplit=1.600000;wprior=2.000000;gblock=0.050000,rsplit=1.600000;wprior=2.000000;gblock=0.050000,,rsplit=1.600000;wprior=2.000000;gblock=0.050000,0,0.0,rsplit=1.600000;wprior=2.000000;gblock=0.050000,0.0,hold,0,0,,,,,
16,clean,B1,0.3823652106122403,1.7733452889742856,0,0,0.005555555555555555,0.1386722785857638,rsplit=1.200000;wprior=2.000000;gblock=0.000000,rsplit=1.200000;wprior=2.000000;gblock=0.000000,,rsplit=1.200000;wprior=2.000000;gblock=0.000000,0,0.0,rsplit=1.200000;wprior=2.000000;gblock=0.000000,0.0,hold,0,0,,,,,
16,clean,B2,0.3823652106122403,1.7733452889742856,0,0,0.005555555555555555,0.1386722785857638,rsplit=1.200000;wprior=2.000000;gblock=0.000000,rsplit=1.200000;wprior=2.000000;gblock=0.000000,,rsplit=1.200000;wprior=2.000000;gblock=0.000000,0,0.0,rsplit=1.200000;wprior=2.000000;gblock=0.000000,0.0,hold,0,0,,,,,
16,clean,B3,0.3823652106122403,1.7733452889742856,0,0,0.005555555555555555,0.1386722785857638,rsplit=1.200000;wprior=2.000000;gblock=0.000000,rsplit=1.200000;wprior=2.000000;gblock=0.000000,,rsplit=1.200000;wprior=2.000000;gblock=0.000000,0,0.0,rsplit=1.200000;wprior=2.000000;gblock=0.000000,0.0,hold,0,0,,,,,
16,clean,B3-I,0.3823652106122403,1.7733452889742856,0,0,0.005555555555555555,0.1386722785857638,rsplit=1.200000;wprior=2.000000;gblock=0.000000,rsplit=1.200000;wprior=2.000000;gblock=0.000000,,rsplit=1.200000;wprior=2.000000;gblock=0.000000,0,0.0,rsplit=1.200000;wprior=2.000000;gblock=0.000000,0.0,hold,0,0,,,,,
16,clean,B3-R0,0.3823652106122403,1.7733452889742856,0,0,0.005555555555555555,0.1386722785857638,rsplit=1.200000;wprior=2.000000;gblock=0.000000,rsplit=1.200000;wprior=2.000000;gblock=0.000000,,rsplit=1.200000;wprior=2.000000;gblock=0.000000,0,0.0,rsplit=1.200000;wprior=2.000000;gblock=0.000000,0.0,hold,0,0,,,,,
